,Air Temperature,Humidity,Wind Speed,Barometric Pressure,Solar Radiation
Air Temperature,1.0,0.008407074186275358,-0.23526983866137346,-0.24769623324690218,0.21854903337005846
Humidity,0.008407074186275358,1.0,0.006709108445280576,-0.18813239860806627,-0.14900046261985575
Wind Speed,-0.23526983866137346,0.006709108445280576,1.0,-0.07127844190622168,0.05300355881015441
Barometric Pressure,-0.24769623324690218,-0.18813239860806627,-0.07127844190622168,1.0,0.062122025088771245
Solar Radiation,0.21854903337005846,-0.14900046261985575,0.05300355881015441,0.062122025088771245,1.0
