Metric,Linear Regression,XGBoost
MAE,0.4887776988441759,0.08689403807039997
R2,0.994966546458836,0.9997944688844241
RMSE,0.7229110590755965,0.14607995491773543
